<?xml version="1.0" encoding="UTF-8"?>
<project-private xmlns="http://www.netbeans.org/ns/project-private/1">
    <editor-bookmarks xmlns="http://www.netbeans.org/ns/editor-bookmarks/2" lastBookmarkId="0"/>
    <open-files xmlns="http://www.netbeans.org/ns/projectui-open-files/2">
        <group>
            <file>file:/C:/Users/Jay6742319/Documents/NetBeansProjects/CSMS/src/csms/StaffFXML.fxml</file>
            <file>file:/C:/Users/Jay6742319/Documents/NetBeansProjects/CSMS/src/csms/Client.java</file>
            <file>file:/C:/Users/Jay6742319/Documents/NetBeansProjects/CSMS/src/csms/HomeController.java</file>
            <file>file:/C:/Users/Jay6742319/Documents/NetBeansProjects/CSMS/src/csms/ServiceController.java</file>
            <file>file:/C:/Users/Jay6742319/Documents/NetBeansProjects/CSMS/src/csms/Services.java</file>
            <file>file:/C:/Users/Jay6742319/Documents/NetBeansProjects/CSMS/src/csms/ServiceFXML.fxml</file>
            <file>file:/C:/Users/Jay6742319/Documents/NetBeansProjects/CSMS/src/csms/Staff.java</file>
            <file>file:/C:/Users/Jay6742319/Documents/NetBeansProjects/CSMS/src/csms/StaffController.java</file>
            <file>file:/C:/Users/Jay6742319/Documents/NetBeansProjects/CSMS/src/csms/home.css</file>
        </group>
    </open-files>
</project-private>
